Location,Scan_Location,Item_ID,Quantity,Recount_Quantity
CACA,CACA,ARGOS-pr8dpsms-1,20,20
CACA,CACA,ARGOS-qb2p3e0m-1,20,20
CACA,CACA,ARGOS-sdg9j4ew-1,20,20
CACA,CACA,ARGOS-287m3j6z-1,20,20
CACA,CACA,ARGOS-xwfhzafe-1,20,20
CACA,CACA,ARGOS-3ppztm7w-1,20,20
CACA,CACA,ARGOS-dyg1myqt-1,20,20
CACA,CACA,ARGOS-mmjaghq3-1,20,20
CACA,CACA,ARGOS-ngqc29ye-1,20,20
CACA,CACA,ARGOS-t92g9m85-1,20,20
CACB,CACB,ARGOS-pr8dpsms-1,20,20
CACB,CACB,ARGOS-qb2p3e0m-1,20,20
CACB,CACB,ARGOS-sdg9j4ew-1,20,20
CACB,CACB,ARGOS-287m3j6z-1,20,20
CACB,CACB,ARGOS-xwfhzafe-1,20,20
CACB,CACB,ARGOS-3ppztm7w-1,20,20
CACB,CACB,ARGOS-dyg1myqt-1,20,20
CACB,CACB,ARGOS-mmjaghq3-1,20,20
CACB,CACB,ARGOS-ngqc29ye-1,20,20
CACB,CACB,ARGOS-t92g9m85-1,20,20
CACC,CACC,ARGOS-pr8dpsms-1,20,20
CACC,CACC,ARGOS-qb2p3e0m-1,20,20
CACC,CACC,ARGOS-sdg9j4ew-1,20,20
CACC,CACC,ARGOS-287m3j6z-1,20,20
CACC,CACC,ARGOS-xwfhzafe-1,20,20
CACC,CACC,ARGOS-3ppztm7w-1,20,20
CACC,CACC,ARGOS-dyg1myqt-1,20,20
CACC,CACC,ARGOS-mmjaghq3-1,20,20
CACC,CACC,ARGOS-ngqc29ye-1,20,20
CACC,CACC,ARGOS-t92g9m85-1,20,20
CACD,CACD,ARGOS-pr8dpsms-1,20,20
CACD,CACD,ARGOS-qb2p3e0m-1,20,20
CACD,CACD,ARGOS-sdg9j4ew-1,20,20
CACD,CACD,ARGOS-287m3j6z-1,20,20
CACD,CACD,ARGOS-xwfhzafe-1,20,20
CACD,CACD,ARGOS-3ppztm7w-1,20,20
CACD,CACD,ARGOS-dyg1myqt-1,20,20
CACD,CACD,ARGOS-mmjaghq3-1,20,20
CACD,CACD,ARGOS-ngqc29ye-1,20,20
CACD,CACD,ARGOS-t92g9m85-1,20,20
CACE,CACE,ARGOS-pr8dpsms-1,20,20
CACE,CACE,ARGOS-qb2p3e0m-1,20,20
CACE,CACE,ARGOS-sdg9j4ew-1,20,20
CACE,CACE,ARGOS-287m3j6z-1,20,20
CACE,CACE,ARGOS-xwfhzafe-1,20,20
CACE,CACE,ARGOS-3ppztm7w-1,20,20
CACE,CACE,ARGOS-dyg1myqt-1,20,20
CACE,CACE,ARGOS-mmjaghq3-1,20,20
CACE,CACE,ARGOS-ngqc29ye-1,20,20
CACE,CACE,ARGOS-t92g9m85-1,20,20
CACF,CACF,ARGOS-pr8dpsms-1,20,20
CACF,CACF,ARGOS-qb2p3e0m-1,20,20
CACF,CACF,ARGOS-sdg9j4ew-1,20,20
CACF,CACF,ARGOS-287m3j6z-1,20,20
CACF,CACF,ARGOS-xwfhzafe-1,20,20
CACF,CACF,ARGOS-3ppztm7w-1,20,20
CACF,CACF,ARGOS-dyg1myqt-1,20,20
CACF,CACF,ARGOS-mmjaghq3-1,20,20
CACF,CACF,ARGOS-ngqc29ye-1,20,20
CACF,CACF,ARGOS-t92g9m85-1,20,20
CACG,CACG,ARGOS-pr8dpsms-1,20,20
CACG,CACG,ARGOS-qb2p3e0m-1,20,20
CACG,CACG,ARGOS-sdg9j4ew-1,20,20
CACG,CACG,ARGOS-287m3j6z-1,20,20
CACG,CACG,ARGOS-xwfhzafe-1,20,20
CACG,CACG,ARGOS-3ppztm7w-1,20,20
CACG,CACG,ARGOS-dyg1myqt-1,20,20
CACG,CACG,ARGOS-mmjaghq3-1,20,20
CACG,CACG,ARGOS-ngqc29ye-1,20,20
CACG,CACG,ARGOS-t92g9m85-1,20,20
CACH,CACH,ARGOS-pr8dpsms-1,20,20
CACH,CACH,ARGOS-qb2p3e0m-1,20,20
CACH,CACH,ARGOS-sdg9j4ew-1,20,20
CACH,CACH,ARGOS-287m3j6z-1,20,20
CACH,CACH,ARGOS-xwfhzafe-1,20,20
CACH,CACH,ARGOS-3ppztm7w-1,20,20
CACH,CACH,ARGOS-dyg1myqt-1,20,20
CACH,CACH,ARGOS-mmjaghq3-1,20,20
CACH,CACH,ARGOS-ngqc29ye-1,20,20
CACH,CACH,ARGOS-t92g9m85-1,20,20
CACI,CACI,ARGOS-pr8dpsms-1,20,20
CACI,CACI,ARGOS-qb2p3e0m-1,20,20
CACI,CACI,ARGOS-sdg9j4ew-1,20,20
CACI,CACI,ARGOS-287m3j6z-1,20,20
CACI,CACI,ARGOS-xwfhzafe-1,20,20
CACI,CACI,ARGOS-3ppztm7w-1,20,20
CACI,CACI,ARGOS-dyg1myqt-1,20,20
CACI,CACI,ARGOS-mmjaghq3-1,20,20
CACI,CACI,ARGOS-ngqc29ye-1,20,20
CACI,CACI,ARGOS-t92g9m85-1,20,20
CACJ,CACJ,ARGOS-pr8dpsms-1,20,20
CACJ,CACJ,ARGOS-qb2p3e0m-1,20,20
CACJ,CACJ,ARGOS-sdg9j4ew-1,20,20
CACJ,CACJ,ARGOS-287m3j6z-1,20,20
CACJ,CACJ,ARGOS-xwfhzafe-1,20,20
CACJ,CACJ,ARGOS-3ppztm7w-1,20,20
CACJ,CACJ,ARGOS-dyg1myqt-1,20,20
CACJ,CACJ,ARGOS-mmjaghq3-1,20,20
CACJ,CACJ,ARGOS-ngqc29ye-1,20,20
CACJ,CACJ,ARGOS-t92g9m85-1,20,20
CACK,CACK,ARGOS-pr8dpsms-1,20,20
CACK,CACK,ARGOS-qb2p3e0m-1,20,20
CACK,CACK,ARGOS-sdg9j4ew-1,20,20
CACK,CACK,ARGOS-287m3j6z-1,20,20
CACK,CACK,ARGOS-xwfhzafe-1,20,20
CACK,CACK,ARGOS-3ppztm7w-1,20,20
CACK,CACK,ARGOS-dyg1myqt-1,20,20
CACK,CACK,ARGOS-mmjaghq3-1,20,20
CACK,CACK,ARGOS-ngqc29ye-1,20,20
CACK,CACK,ARGOS-t92g9m85-1,20,20
CACL,CACL,ARGOS-pr8dpsms-1,20,20
CACL,CACL,ARGOS-qb2p3e0m-1,20,20
CACL,CACL,ARGOS-sdg9j4ew-1,20,20
CACL,CACL,ARGOS-287m3j6z-1,20,20
CACL,CACL,ARGOS-xwfhzafe-1,20,20
CACL,CACL,ARGOS-3ppztm7w-1,20,20
CACL,CACL,ARGOS-dyg1myqt-1,20,20
CACL,CACL,ARGOS-mmjaghq3-1,20,20
CACL,CACL,ARGOS-ngqc29ye-1,20,20
CACL,CACL,ARGOS-t92g9m85-1,20,20
CACM,CACM,ARGOS-pr8dpsms-1,20,20
CACM,CACM,ARGOS-qb2p3e0m-1,20,20
CACM,CACM,ARGOS-sdg9j4ew-1,20,20
CACM,CACM,ARGOS-287m3j6z-1,20,20
CACM,CACM,ARGOS-xwfhzafe-1,20,20
CACM,CACM,ARGOS-3ppztm7w-1,20,20
CACM,CACM,ARGOS-dyg1myqt-1,20,20
CACM,CACM,ARGOS-mmjaghq3-1,20,20
CACM,CACM,ARGOS-ngqc29ye-1,20,20
CACM,CACM,ARGOS-t92g9m85-1,20,20
CACN,CACN,ARGOS-pr8dpsms-1,20,20
CACN,CACN,ARGOS-qb2p3e0m-1,20,20
CACN,CACN,ARGOS-sdg9j4ew-1,20,20
CACN,CACN,ARGOS-287m3j6z-1,20,20
CACN,CACN,ARGOS-xwfhzafe-1,20,20
CACN,CACN,ARGOS-3ppztm7w-1,20,20
CACN,CACN,ARGOS-dyg1myqt-1,20,20
CACN,CACN,ARGOS-mmjaghq3-1,20,20
CACN,CACN,ARGOS-ngqc29ye-1,20,20
CACN,CACN,ARGOS-t92g9m85-1,20,20
CACO,CACO,ARGOS-pr8dpsms-1,20,20
CACO,CACO,ARGOS-qb2p3e0m-1,20,20
CACO,CACO,ARGOS-sdg9j4ew-1,20,20
CACO,CACO,ARGOS-287m3j6z-1,20,20
CACO,CACO,ARGOS-xwfhzafe-1,20,20
CACO,CACO,ARGOS-3ppztm7w-1,20,20
CACO,CACO,ARGOS-dyg1myqt-1,20,20
CACO,CACO,ARGOS-mmjaghq3-1,20,20
CACO,CACO,ARGOS-ngqc29ye-1,20,20
CACO,CACO,ARGOS-t92g9m85-1,20,20
CACP,CACP,ARGOS-pr8dpsms-1,20,20
CACP,CACP,ARGOS-qb2p3e0m-1,20,20
CACP,CACP,ARGOS-sdg9j4ew-1,20,20
CACP,CACP,ARGOS-287m3j6z-1,20,20
CACP,CACP,ARGOS-xwfhzafe-1,20,20
CACP,CACP,ARGOS-3ppztm7w-1,20,20
CACP,CACP,ARGOS-dyg1myqt-1,20,20
CACP,CACP,ARGOS-mmjaghq3-1,20,20
CACP,CACP,ARGOS-ngqc29ye-1,20,20
CACP,CACP,ARGOS-t92g9m85-1,20,20
CACQ,CACQ,ARGOS-pr8dpsms-1,20,20
CACQ,CACQ,ARGOS-qb2p3e0m-1,20,20
CACQ,CACQ,ARGOS-sdg9j4ew-1,20,20
CACQ,CACQ,ARGOS-287m3j6z-1,20,20
CACQ,CACQ,ARGOS-xwfhzafe-1,20,20
CACQ,CACQ,ARGOS-3ppztm7w-1,20,20
CACQ,CACQ,ARGOS-dyg1myqt-1,20,20
CACQ,CACQ,ARGOS-mmjaghq3-1,20,20
CACQ,CACQ,ARGOS-ngqc29ye-1,20,20
CACQ,CACQ,ARGOS-t92g9m85-1,20,20
CACR,CACR,ARGOS-pr8dpsms-1,20,20
CACR,CACR,ARGOS-qb2p3e0m-1,20,20
CACR,CACR,ARGOS-sdg9j4ew-1,20,20
CACR,CACR,ARGOS-287m3j6z-1,20,20
CACR,CACR,ARGOS-xwfhzafe-1,20,20
CACR,CACR,ARGOS-3ppztm7w-1,20,20
CACR,CACR,ARGOS-dyg1myqt-1,20,20
CACR,CACR,ARGOS-mmjaghq3-1,20,20
CACR,CACR,ARGOS-ngqc29ye-1,20,20
CACR,CACR,ARGOS-t92g9m85-1,20,20
CACS,CACS,ARGOS-pr8dpsms-1,20,20
CACS,CACS,ARGOS-qb2p3e0m-1,20,20
CACS,CACS,ARGOS-sdg9j4ew-1,20,20
CACS,CACS,ARGOS-287m3j6z-1,20,20
CACS,CACS,ARGOS-xwfhzafe-1,20,20
CACS,CACS,ARGOS-3ppztm7w-1,20,20
CACS,CACS,ARGOS-dyg1myqt-1,20,20
CACS,CACS,ARGOS-mmjaghq3-1,20,20
CACS,CACS,ARGOS-ngqc29ye-1,20,20
CACS,CACS,ARGOS-t92g9m85-1,20,20
CACT,CACT,ARGOS-pr8dpsms-1,20,20
CACT,CACT,ARGOS-qb2p3e0m-1,20,20
CACT,CACT,ARGOS-sdg9j4ew-1,20,20
CACT,CACT,ARGOS-287m3j6z-1,20,20
CACT,CACT,ARGOS-xwfhzafe-1,20,20
CACT,CACT,ARGOS-3ppztm7w-1,20,20
CACT,CACT,ARGOS-dyg1myqt-1,20,20
CACT,CACT,ARGOS-mmjaghq3-1,20,20
CACT,CACT,ARGOS-ngqc29ye-1,20,20
CACT,CACT,ARGOS-t92g9m85-1,20,20
CACU,CACU,ARGOS-pr8dpsms-1,20,20
CACU,CACU,ARGOS-qb2p3e0m-1,20,20
CACU,CACU,ARGOS-sdg9j4ew-1,20,20
CACU,CACU,ARGOS-287m3j6z-1,20,20
CACU,CACU,ARGOS-xwfhzafe-1,20,20
CACU,CACU,ARGOS-3ppztm7w-1,20,20
CACU,CACU,ARGOS-dyg1myqt-1,20,20
CACU,CACU,ARGOS-mmjaghq3-1,20,20
CACU,CACU,ARGOS-ngqc29ye-1,20,20
CACU,CACU,ARGOS-t92g9m85-1,20,20
CACV,CACV,ARGOS-pr8dpsms-1,20,20
CACV,CACV,ARGOS-qb2p3e0m-1,20,20
CACV,CACV,ARGOS-sdg9j4ew-1,20,20
CACV,CACV,ARGOS-287m3j6z-1,20,20
CACV,CACV,ARGOS-xwfhzafe-1,20,20
CACV,CACV,ARGOS-3ppztm7w-1,20,20
CACV,CACV,ARGOS-dyg1myqt-1,20,20
CACV,CACV,ARGOS-mmjaghq3-1,20,20
CACV,CACV,ARGOS-ngqc29ye-1,20,20
CACV,CACV,ARGOS-t92g9m85-1,20,20
CACW,CACW,ARGOS-pr8dpsms-1,20,20
CACW,CACW,ARGOS-qb2p3e0m-1,20,20
CACW,CACW,ARGOS-sdg9j4ew-1,20,20
CACW,CACW,ARGOS-287m3j6z-1,20,20
CACW,CACW,ARGOS-xwfhzafe-1,20,20
CACW,CACW,ARGOS-3ppztm7w-1,20,20
CACW,CACW,ARGOS-dyg1myqt-1,20,20
CACW,CACW,ARGOS-mmjaghq3-1,20,20
CACW,CACW,ARGOS-ngqc29ye-1,20,20
CACW,CACW,ARGOS-t92g9m85-1,20,20
CACX,CACX,ARGOS-pr8dpsms-1,20,20
CACX,CACX,ARGOS-qb2p3e0m-1,20,20
CACX,CACX,ARGOS-sdg9j4ew-1,20,20
CACX,CACX,ARGOS-287m3j6z-1,20,20
CACX,CACX,ARGOS-xwfhzafe-1,20,20
CACX,CACX,ARGOS-3ppztm7w-1,20,20
CACX,CACX,ARGOS-dyg1myqt-1,20,20
CACX,CACX,ARGOS-mmjaghq3-1,20,20
CACX,CACX,ARGOS-ngqc29ye-1,20,20
CACX,CACX,ARGOS-t92g9m85-1,20,20
CACY,CACY,ARGOS-pr8dpsms-1,20,20
CACY,CACY,ARGOS-qb2p3e0m-1,20,20
CACY,CACY,ARGOS-sdg9j4ew-1,20,20
CACY,CACY,ARGOS-287m3j6z-1,20,20
CACY,CACY,ARGOS-xwfhzafe-1,20,20
CACY,CACY,ARGOS-3ppztm7w-1,20,20
CACY,CACY,ARGOS-dyg1myqt-1,20,20
CACY,CACY,ARGOS-mmjaghq3-1,20,20
CACY,CACY,ARGOS-ngqc29ye-1,20,20
CACY,CACY,ARGOS-t92g9m85-1,20,20
CACZ,CACZ,ARGOS-pr8dpsms-1,20,20
CACZ,CACZ,ARGOS-qb2p3e0m-1,20,20
CACZ,CACZ,ARGOS-sdg9j4ew-1,20,20
CACZ,CACZ,ARGOS-287m3j6z-1,20,20
CACZ,CACZ,ARGOS-xwfhzafe-1,20,20
CACZ,CACZ,ARGOS-3ppztm7w-1,20,20
CACZ,CACZ,ARGOS-dyg1myqt-1,20,20
CACZ,CACZ,ARGOS-mmjaghq3-1,20,20
CACZ,CACZ,ARGOS-ngqc29ye-1,20,20
CACZ,CACZ,ARGOS-t92g9m85-1,20,20
CAEA,CAEA,ARGOS-pr8dpsms-1,20,20
CAEA,CAEA,ARGOS-qb2p3e0m-1,20,20
CAEA,CAEA,ARGOS-sdg9j4ew-1,20,20
CAEA,CAEA,ARGOS-287m3j6z-1,20,20
CAEA,CAEA,ARGOS-xwfhzafe-1,20,20
CAEA,CAEA,ARGOS-3ppztm7w-1,20,20
CAEA,CAEA,ARGOS-dyg1myqt-1,20,20
CAEA,CAEA,ARGOS-mmjaghq3-1,20,20
CAEA,CAEA,ARGOS-ngqc29ye-1,20,20
CAEA,CAEA,ARGOS-t92g9m85-1,20,20
CAEB,CAEB,ARGOS-pr8dpsms-1,20,20
CAEB,CAEB,ARGOS-qb2p3e0m-1,20,20
CAEB,CAEB,ARGOS-sdg9j4ew-1,20,20
CAEB,CAEB,ARGOS-287m3j6z-1,20,20
CAEB,CAEB,ARGOS-xwfhzafe-1,20,20
CAEB,CAEB,ARGOS-3ppztm7w-1,20,20
CAEB,CAEB,ARGOS-dyg1myqt-1,20,20
CAEB,CAEB,ARGOS-mmjaghq3-1,20,20
CAEB,CAEB,ARGOS-ngqc29ye-1,20,20
CAEB,CAEB,ARGOS-t92g9m85-1,20,20
CAEC,CAEC,ARGOS-pr8dpsms-1,20,20
CAEC,CAEC,ARGOS-qb2p3e0m-1,20,20
CAEC,CAEC,ARGOS-sdg9j4ew-1,20,20
CAEC,CAEC,ARGOS-287m3j6z-1,20,20
CAEC,CAEC,ARGOS-xwfhzafe-1,20,20
CAEC,CAEC,ARGOS-3ppztm7w-1,20,20
CAEC,CAEC,ARGOS-dyg1myqt-1,20,20
CAEC,CAEC,ARGOS-mmjaghq3-1,20,20
CAEC,CAEC,ARGOS-ngqc29ye-1,20,20
CAEC,CAEC,ARGOS-t92g9m85-1,20,20
CAED,CAED,ARGOS-pr8dpsms-1,20,20
CAED,CAED,ARGOS-qb2p3e0m-1,20,20
CAED,CAED,ARGOS-sdg9j4ew-1,20,20
CAED,CAED,ARGOS-287m3j6z-1,20,20
CAED,CAED,ARGOS-xwfhzafe-1,20,20
CAED,CAED,ARGOS-3ppztm7w-1,20,20
CAED,CAED,ARGOS-dyg1myqt-1,20,20
CAED,CAED,ARGOS-mmjaghq3-1,20,20
CAED,CAED,ARGOS-ngqc29ye-1,20,20
CAED,CAED,ARGOS-t92g9m85-1,20,20
CAEE,CAEE,ARGOS-pr8dpsms-1,20,20
CAEE,CAEE,ARGOS-qb2p3e0m-1,20,20
CAEE,CAEE,ARGOS-sdg9j4ew-1,20,20
CAEE,CAEE,ARGOS-287m3j6z-1,20,20
CAEE,CAEE,ARGOS-xwfhzafe-1,20,20
CAEE,CAEE,ARGOS-3ppztm7w-1,20,20
CAEE,CAEE,ARGOS-dyg1myqt-1,20,20
CAEE,CAEE,ARGOS-mmjaghq3-1,20,20
CAEE,CAEE,ARGOS-ngqc29ye-1,20,20
CAEE,CAEE,ARGOS-t92g9m85-1,20,20
CAEF,CAEF,ARGOS-pr8dpsms-1,20,20
CAEF,CAEF,ARGOS-qb2p3e0m-1,20,20
CAEF,CAEF,ARGOS-sdg9j4ew-1,20,20
CAEF,CAEF,ARGOS-287m3j6z-1,20,20
CAEF,CAEF,ARGOS-xwfhzafe-1,20,20
CAEF,CAEF,ARGOS-3ppztm7w-1,20,20
CAEF,CAEF,ARGOS-dyg1myqt-1,20,20
CAEF,CAEF,ARGOS-mmjaghq3-1,20,20
CAEF,CAEF,ARGOS-ngqc29ye-1,20,20
CAEF,CAEF,ARGOS-t92g9m85-1,20,20
CAEG,CAEG,ARGOS-pr8dpsms-1,20,20
CAEG,CAEG,ARGOS-qb2p3e0m-1,20,20
CAEG,CAEG,ARGOS-sdg9j4ew-1,20,20
CAEG,CAEG,ARGOS-287m3j6z-1,20,20
CAEG,CAEG,ARGOS-xwfhzafe-1,20,20
CAEG,CAEG,ARGOS-3ppztm7w-1,20,20
CAEG,CAEG,ARGOS-dyg1myqt-1,20,20
CAEG,CAEG,ARGOS-mmjaghq3-1,20,20
CAEG,CAEG,ARGOS-ngqc29ye-1,20,20
CAEG,CAEG,ARGOS-t92g9m85-1,20,20
CAEH,CAEH,ARGOS-pr8dpsms-1,20,20
CAEH,CAEH,ARGOS-qb2p3e0m-1,20,20
CAEH,CAEH,ARGOS-sdg9j4ew-1,20,20
CAEH,CAEH,ARGOS-287m3j6z-1,20,20
CAEH,CAEH,ARGOS-xwfhzafe-1,20,20
CAEH,CAEH,ARGOS-3ppztm7w-1,20,20
CAEH,CAEH,ARGOS-dyg1myqt-1,20,20
CAEH,CAEH,ARGOS-mmjaghq3-1,20,20
CAEH,CAEH,ARGOS-ngqc29ye-1,20,20
CAEH,CAEH,ARGOS-t92g9m85-1,20,20
CAEI,CAEI,ARGOS-pr8dpsms-1,20,20
CAEI,CAEI,ARGOS-qb2p3e0m-1,20,20
CAEI,CAEI,ARGOS-sdg9j4ew-1,20,20
CAEI,CAEI,ARGOS-287m3j6z-1,20,20
CAEI,CAEI,ARGOS-xwfhzafe-1,20,20
CAEI,CAEI,ARGOS-3ppztm7w-1,20,20
CAEI,CAEI,ARGOS-dyg1myqt-1,20,20
CAEI,CAEI,ARGOS-mmjaghq3-1,20,20
CAEI,CAEI,ARGOS-ngqc29ye-1,20,20
CAEI,CAEI,ARGOS-t92g9m85-1,20,20
CAEJ,CAEJ,ARGOS-pr8dpsms-1,20,20
CAEJ,CAEJ,ARGOS-qb2p3e0m-1,20,20
CAEJ,CAEJ,ARGOS-sdg9j4ew-1,20,20
CAEJ,CAEJ,ARGOS-287m3j6z-1,20,20
CAEJ,CAEJ,ARGOS-xwfhzafe-1,20,20
CAEJ,CAEJ,ARGOS-3ppztm7w-1,20,20
CAEJ,CAEJ,ARGOS-dyg1myqt-1,20,20
CAEJ,CAEJ,ARGOS-mmjaghq3-1,20,20
CAEJ,CAEJ,ARGOS-ngqc29ye-1,20,20
CAEJ,CAEJ,ARGOS-t92g9m85-1,20,20
CAEK,CAEK,ARGOS-pr8dpsms-1,20,20
CAEK,CAEK,ARGOS-qb2p3e0m-1,20,20
CAEK,CAEK,ARGOS-sdg9j4ew-1,20,20
CAEK,CAEK,ARGOS-287m3j6z-1,20,20
CAEK,CAEK,ARGOS-xwfhzafe-1,20,20
CAEK,CAEK,ARGOS-3ppztm7w-1,20,20
CAEK,CAEK,ARGOS-dyg1myqt-1,20,20
CAEK,CAEK,ARGOS-mmjaghq3-1,20,20
CAEK,CAEK,ARGOS-ngqc29ye-1,20,20
CAEK,CAEK,ARGOS-t92g9m85-1,20,20
CAEL,CAEL,ARGOS-pr8dpsms-1,20,20
CAEL,CAEL,ARGOS-qb2p3e0m-1,20,20
CAEL,CAEL,ARGOS-sdg9j4ew-1,20,20
CAEL,CAEL,ARGOS-287m3j6z-1,20,20
CAEL,CAEL,ARGOS-xwfhzafe-1,20,20
CAEL,CAEL,ARGOS-3ppztm7w-1,20,20
CAEL,CAEL,ARGOS-dyg1myqt-1,20,20
CAEL,CAEL,ARGOS-mmjaghq3-1,20,20
CAEL,CAEL,ARGOS-ngqc29ye-1,20,20
CAEL,CAEL,ARGOS-t92g9m85-1,20,20
CAEM,CAEM,ARGOS-pr8dpsms-1,20,20
CAEM,CAEM,ARGOS-qb2p3e0m-1,20,20
CAEM,CAEM,ARGOS-sdg9j4ew-1,20,20
CAEM,CAEM,ARGOS-287m3j6z-1,20,20
CAEM,CAEM,ARGOS-xwfhzafe-1,20,20
CAEM,CAEM,ARGOS-3ppztm7w-1,20,20
CAEM,CAEM,ARGOS-dyg1myqt-1,20,20
CAEM,CAEM,ARGOS-mmjaghq3-1,20,20
CAEM,CAEM,ARGOS-ngqc29ye-1,20,20
CAEM,CAEM,ARGOS-t92g9m85-1,20,20
CAEN,CAEN,ARGOS-pr8dpsms-1,20,20
CAEN,CAEN,ARGOS-qb2p3e0m-1,20,20
CAEN,CAEN,ARGOS-sdg9j4ew-1,20,20
CAEN,CAEN,ARGOS-287m3j6z-1,20,20
CAEN,CAEN,ARGOS-xwfhzafe-1,20,20
CAEN,CAEN,ARGOS-3ppztm7w-1,20,20
CAEN,CAEN,ARGOS-dyg1myqt-1,20,20
CAEN,CAEN,ARGOS-mmjaghq3-1,20,20
CAEN,CAEN,ARGOS-ngqc29ye-1,20,20
CAEN,CAEN,ARGOS-t92g9m85-1,20,20
CAEO,CAEO,ARGOS-pr8dpsms-1,20,20
CAEO,CAEO,ARGOS-qb2p3e0m-1,20,20
CAEO,CAEO,ARGOS-sdg9j4ew-1,20,20
CAEO,CAEO,ARGOS-287m3j6z-1,20,20
CAEO,CAEO,ARGOS-xwfhzafe-1,20,20
CAEO,CAEO,ARGOS-3ppztm7w-1,20,20
CAEO,CAEO,ARGOS-dyg1myqt-1,20,20
CAEO,CAEO,ARGOS-mmjaghq3-1,20,20
CAEO,CAEO,ARGOS-ngqc29ye-1,20,20
CAEO,CAEO,ARGOS-t92g9m85-1,20,20
CAEP,CAEP,ARGOS-pr8dpsms-1,20,20
CAEP,CAEP,ARGOS-qb2p3e0m-1,20,20
CAEP,CAEP,ARGOS-sdg9j4ew-1,20,20
CAEP,CAEP,ARGOS-287m3j6z-1,20,20
CAEP,CAEP,ARGOS-xwfhzafe-1,20,20
CAEP,CAEP,ARGOS-3ppztm7w-1,20,20
CAEP,CAEP,ARGOS-dyg1myqt-1,20,20
CAEP,CAEP,ARGOS-mmjaghq3-1,20,20
CAEP,CAEP,ARGOS-ngqc29ye-1,20,20
CAEP,CAEP,ARGOS-t92g9m85-1,20,20
CAEQ,CAEQ,ARGOS-pr8dpsms-1,20,20
CAEQ,CAEQ,ARGOS-qb2p3e0m-1,20,20
CAEQ,CAEQ,ARGOS-sdg9j4ew-1,20,20
CAEQ,CAEQ,ARGOS-287m3j6z-1,20,20
CAEQ,CAEQ,ARGOS-xwfhzafe-1,20,20
CAEQ,CAEQ,ARGOS-3ppztm7w-1,20,20
CAEQ,CAEQ,ARGOS-dyg1myqt-1,20,20
CAEQ,CAEQ,ARGOS-mmjaghq3-1,20,20
CAEQ,CAEQ,ARGOS-ngqc29ye-1,20,20
CAEQ,CAEQ,ARGOS-t92g9m85-1,20,20
CAER,CAER,ARGOS-pr8dpsms-1,20,20
CAER,CAER,ARGOS-qb2p3e0m-1,20,20
CAER,CAER,ARGOS-sdg9j4ew-1,20,20
CAER,CAER,ARGOS-287m3j6z-1,20,20
CAER,CAER,ARGOS-xwfhzafe-1,20,20
CAER,CAER,ARGOS-3ppztm7w-1,20,20
CAER,CAER,ARGOS-dyg1myqt-1,20,20
CAER,CAER,ARGOS-mmjaghq3-1,20,20
CAER,CAER,ARGOS-ngqc29ye-1,20,20
CAER,CAER,ARGOS-t92g9m85-1,20,20
CAES,CAES,ARGOS-pr8dpsms-1,20,20
CAES,CAES,ARGOS-qb2p3e0m-1,20,20
CAES,CAES,ARGOS-sdg9j4ew-1,20,20
CAES,CAES,ARGOS-287m3j6z-1,20,20
CAES,CAES,ARGOS-xwfhzafe-1,20,20
CAES,CAES,ARGOS-3ppztm7w-1,20,20
CAES,CAES,ARGOS-dyg1myqt-1,20,20
CAES,CAES,ARGOS-mmjaghq3-1,20,20
CAES,CAES,ARGOS-ngqc29ye-1,20,20
CAES,CAES,ARGOS-t92g9m85-1,20,20
CAET,CAET,ARGOS-pr8dpsms-1,20,20
CAET,CAET,ARGOS-qb2p3e0m-1,20,20
CAET,CAET,ARGOS-sdg9j4ew-1,20,20
CAET,CAET,ARGOS-287m3j6z-1,20,20
CAET,CAET,ARGOS-xwfhzafe-1,20,20
CAET,CAET,ARGOS-3ppztm7w-1,20,20
CAET,CAET,ARGOS-dyg1myqt-1,20,20
CAET,CAET,ARGOS-mmjaghq3-1,20,20
CAET,CAET,ARGOS-ngqc29ye-1,20,20
CAET,CAET,ARGOS-t92g9m85-1,20,20
CAEU,CAEU,ARGOS-pr8dpsms-1,20,20
CAEU,CAEU,ARGOS-qb2p3e0m-1,20,20
CAEU,CAEU,ARGOS-sdg9j4ew-1,20,20
CAEU,CAEU,ARGOS-287m3j6z-1,20,20
CAEU,CAEU,ARGOS-xwfhzafe-1,20,20
CAEU,CAEU,ARGOS-3ppztm7w-1,20,20
CAEU,CAEU,ARGOS-dyg1myqt-1,20,20
CAEU,CAEU,ARGOS-mmjaghq3-1,20,20
CAEU,CAEU,ARGOS-ngqc29ye-1,20,20
CAEU,CAEU,ARGOS-t92g9m85-1,20,20
CAEV,CAEV,ARGOS-pr8dpsms-1,20,20
CAEV,CAEV,ARGOS-qb2p3e0m-1,20,20
CAEV,CAEV,ARGOS-sdg9j4ew-1,20,20
CAEV,CAEV,ARGOS-287m3j6z-1,20,20
CAEV,CAEV,ARGOS-xwfhzafe-1,20,20
CAEV,CAEV,ARGOS-3ppztm7w-1,20,20
CAEV,CAEV,ARGOS-dyg1myqt-1,20,20
CAEV,CAEV,ARGOS-mmjaghq3-1,20,20
CAEV,CAEV,ARGOS-ngqc29ye-1,20,20
CAEV,CAEV,ARGOS-t92g9m85-1,20,20
CAEW,CAEW,ARGOS-pr8dpsms-1,20,20
CAEW,CAEW,ARGOS-qb2p3e0m-1,20,20
CAEW,CAEW,ARGOS-sdg9j4ew-1,20,20
CAEW,CAEW,ARGOS-287m3j6z-1,20,20
CAEW,CAEW,ARGOS-xwfhzafe-1,20,20
CAEW,CAEW,ARGOS-3ppztm7w-1,20,20
CAEW,CAEW,ARGOS-dyg1myqt-1,20,20
CAEW,CAEW,ARGOS-mmjaghq3-1,20,20
CAEW,CAEW,ARGOS-ngqc29ye-1,20,20
CAEW,CAEW,ARGOS-t92g9m85-1,20,20
CAEX,CAEX,ARGOS-pr8dpsms-1,20,20
CAEX,CAEX,ARGOS-qb2p3e0m-1,20,20
CAEX,CAEX,ARGOS-sdg9j4ew-1,20,20
CAEX,CAEX,ARGOS-287m3j6z-1,20,20
CAEX,CAEX,ARGOS-xwfhzafe-1,20,20
CAEX,CAEX,ARGOS-3ppztm7w-1,20,20
CAEX,CAEX,ARGOS-dyg1myqt-1,20,20
CAEX,CAEX,ARGOS-mmjaghq3-1,20,20
CAEX,CAEX,ARGOS-ngqc29ye-1,20,20
CAEX,CAEX,ARGOS-t92g9m85-1,20,20
CAEY,CAEY,ARGOS-pr8dpsms-1,20,20
CAEY,CAEY,ARGOS-qb2p3e0m-1,20,20
CAEY,CAEY,ARGOS-sdg9j4ew-1,20,20
CAEY,CAEY,ARGOS-287m3j6z-1,20,20
CAEY,CAEY,ARGOS-xwfhzafe-1,20,20
CAEY,CAEY,ARGOS-3ppztm7w-1,20,20
CAEY,CAEY,ARGOS-dyg1myqt-1,20,20
CAEY,CAEY,ARGOS-mmjaghq3-1,20,20
CAEY,CAEY,ARGOS-ngqc29ye-1,20,20
CAEY,CAEY,ARGOS-t92g9m85-1,20,20
CAEZ,CAEZ,ARGOS-pr8dpsms-1,20,20
CAEZ,CAEZ,ARGOS-qb2p3e0m-1,20,20
CAEZ,CAEZ,ARGOS-sdg9j4ew-1,20,20
CAEZ,CAEZ,ARGOS-287m3j6z-1,20,20
CAEZ,CAEZ,ARGOS-xwfhzafe-1,20,20
CAEZ,CAEZ,ARGOS-3ppztm7w-1,20,20
CAEZ,CAEZ,ARGOS-dyg1myqt-1,20,20
CAEZ,CAEZ,ARGOS-mmjaghq3-1,20,20
CAEZ,CAEZ,ARGOS-ngqc29ye-1,20,20
CAEZ,CAEZ,ARGOS-t92g9m85-1,20,20
